archive,case_name,placement_method,seed,placements_member,board_id,support_policy,min_support_count,min_support_ratio,min_area_normalized_support,adjacency_support_weight,method,topology_candidate_pool_size,beam_width,beam_candidate_pool_size,beam_max_expansions_per_node,beam_max_layer_expansions,beam_diversity_bucket_limit,beam_min_expansions_per_parent,beam_unstable_min_expansions_per_parent,beam_unstable_layer_expansion_multiplier,beam_unstable_layer_expansion_bonus,runtime_ms,rectangle_count,rectangle_count_bin,candidate_unit_count,selected_unit_count,action_count,air_move_distance,cutting_length,pierce_count,lift_count,collision_penalty,boundary_penalty,stability_penalty,safe_lift_count,safe_lift_distance,detour_count,detour_distance,travel_mode_cost,hard_penalty
paper_extended_suite_20260321_continuous_run_only_20260324_0001.zip,exp_main_pub_all_1seed_300s__ngcut9,baseline_greedy,seed_1000,paper_extended_suite_20260321/exp_main_pub_all_1seed_300s/exp_main_pub_all_1seed_300s__ngcut9/baseline_greedy/seed_1000/placements.csv,2,all_edges,1,0.75,0.0,1.0,greedy,,,,,,,,,,,1.234082999999997,9,000_020,50,28,37,30.23606797749979,159.0,10,10,0.0,0.0,1.0,0,0.0,0,0.0,30.23606797749979,0.0
paper_extended_suite_20260321_continuous_run_only_20260324_0001.zip,exp_main_pub_all_1seed_300s__ngcut9,baseline_greedy,seed_1000,paper_extended_suite_20260321/exp_main_pub_all_1seed_300s/exp_main_pub_all_1seed_300s__ngcut9/baseline_greedy/seed_1000/placements.csv,2,all_edges,1,0.75,0.0,1.0,path_distance_local_search,,,,,,,,,,,97.03179100000001,9,000_020,50,28,37,30.23606797749979,159.0,10,10,0.0,0.0,1.0,0,0.0,0,0.0,30.23606797749979,0.0
paper_extended_suite_20260321_continuous_run_only_20260324_0001.zip,exp_main_pub_all_1seed_300s__ngcut9,baseline_greedy,seed_1000,paper_extended_suite_20260321/exp_main_pub_all_1seed_300s/exp_main_pub_all_1seed_300s__ngcut9/baseline_greedy/seed_1000/placements.csv,2,all_edges,1,0.75,0.0,1.0,topology_process_aware,96,,,,,,,,,,40.16866699999999,9,000_020,50,28,58,66.23606797749977,159.0,14,14,0.0,0.0,0.0,0,0.0,20,22.0,66.23606797749977,0.0
paper_extended_suite_20260321_continuous_run_only_20260324_0001.zip,exp_main_pub_all_1seed_300s__ngcut9,baseline_greedy,seed_1000,paper_extended_suite_20260321/exp_main_pub_all_1seed_300s/exp_main_pub_all_1seed_300s__ngcut9/baseline_greedy/seed_1000/placements.csv,2,all_edges,1,0.75,0.0,1.0,process_aware_beam,,8,24,48,56,1,0,2,1.0,0,129.79679199999998,9,000_020,50,28,40,53.0,159.0,10,11,0.0,0.0,0.0,0,0.0,3,3.0,53.0,0.0
paper_extended_suite_20260321_continuous_run_only_20260324_0001.zip,exp_main_pub_all_1seed_300s__ngcut9,baseline_greedy,seed_1000,paper_extended_suite_20260321/exp_main_pub_all_1seed_300s/exp_main_pub_all_1seed_300s__ngcut9/baseline_greedy/seed_1000/placements.csv,3,all_edges,1,0.75,0.0,1.0,greedy,,,,,,,,,,,0.8483749999999568,5,000_020,27,16,25,29.0,113.0,6,6,0.0,0.0,1.0,0,0.0,5,18.0,29.0,0.0
paper_extended_suite_20260321_continuous_run_only_20260324_0001.zip,exp_main_pub_all_1seed_300s__ngcut9,baseline_greedy,seed_1000,paper_extended_suite_20260321/exp_main_pub_all_1seed_300s/exp_main_pub_all_1seed_300s__ngcut9/baseline_greedy/seed_1000/placements.csv,3,all_edges,1,0.75,0.0,1.0,path_distance_local_search,,,,,,,,,,,61.44883299999998,5,000_020,27,16,25,29.0,113.0,6,6,0.0,0.0,1.0,0,0.0,5,18.0,29.0,0.0
paper_extended_suite_20260321_continuous_run_only_20260324_0001.zip,exp_main_pub_all_1seed_300s__ngcut9,baseline_greedy,seed_1000,paper_extended_suite_20260321/exp_main_pub_all_1seed_300s/exp_main_pub_all_1seed_300s__ngcut9/baseline_greedy/seed_1000/placements.csv,3,all_edges,1,0.75,0.0,1.0,topology_process_aware,96,,,,,,,,,,7.331166999999972,5,000_020,27,16,26,57.698448828284675,113.0,11,11,0.0,0.0,0.0,0,0.0,0,0.0,57.698448828284675,0.0
paper_extended_suite_20260321_continuous_run_only_20260324_0001.zip,exp_main_pub_all_1seed_300s__ngcut9,baseline_greedy,seed_1000,paper_extended_suite_20260321/exp_main_pub_all_1seed_300s/exp_main_pub_all_1seed_300s__ngcut9/baseline_greedy/seed_1000/placements.csv,3,all_edges,1,0.75,0.0,1.0,process_aware_beam,,8,24,48,56,1,0,2,1.0,0,34.019167000000074,5,000_020,27,16,21,24.0,113.0,6,6,0.0,0.0,0.0,0,0.0,0,0.0,24.0,0.0
paper_extended_suite_20260321_continuous_run_only_20260324_0001.zip,exp_main_pub_all_1seed_300s__ngcut9,baseline_greedy,seed_1000,paper_extended_suite_20260321/exp_main_pub_all_1seed_300s/exp_main_pub_all_1seed_300s__ngcut9/baseline_greedy/seed_1000/placements.csv,1,all_edges,1,0.75,0.0,1.0,greedy,,,,,,,,,,,0.6348749999999237,4,000_020,20,13,19,31.0,117.0,4,4,0.0,0.0,1.0,0,0.0,4,17.0,31.0,0.0
paper_extended_suite_20260321_continuous_run_only_20260324_0001.zip,exp_main_pub_all_1seed_300s__ngcut9,baseline_greedy,seed_1000,paper_extended_suite_20260321/exp_main_pub_all_1seed_300s/exp_main_pub_all_1seed_300s__ngcut9/baseline_greedy/seed_1000/placements.csv,1,all_edges,1,0.75,0.0,1.0,path_distance_local_search,,,,,,,,,,,39.101290999999925,4,000_020,20,13,19,31.0,117.0,4,4,0.0,0.0,1.0,0,0.0,4,17.0,31.0,0.0
paper_extended_suite_20260321_continuous_run_only_20260324_0001.zip,exp_main_pub_all_1seed_300s__ngcut9,baseline_greedy,seed_1000,paper_extended_suite_20260321/exp_main_pub_all_1seed_300s/exp_main_pub_all_1seed_300s__ngcut9/baseline_greedy/seed_1000/placements.csv,1,all_edges,1,0.75,0.0,1.0,topology_process_aware,96,,,,,,,,,,4.564667000000022,4,000_020,20,13,19,50.93541739055847,117.0,7,7,0.0,0.0,0.0,0,0.0,0,0.0,50.93541739055847,0.0
paper_extended_suite_20260321_continuous_run_only_20260324_0001.zip,exp_main_pub_all_1seed_300s__ngcut9,baseline_greedy,seed_1000,paper_extended_suite_20260321/exp_main_pub_all_1seed_300s/exp_main_pub_all_1seed_300s__ngcut9/baseline_greedy/seed_1000/placements.csv,1,all_edges,1,0.75,0.0,1.0,process_aware_beam,,8,24,48,56,1,0,2,1.0,0,26.717667,4,000_020,20,13,17,24.950844619618657,117.0,5,5,0.0,0.0,0.0,0,0.0,0,0.0,24.950844619618657,0.0
paper_extended_suite_20260321_continuous_run_only_20260324_0001.zip,exp_robust_ind_5seed_1200s__data6,baseline_sa,seed_1004,paper_extended_suite_20260321/exp_robust_ind_5seed_1200s/exp_robust_ind_5seed_1200s__data6/baseline_sa/seed_1004/placements.csv,1,all_edges,1,0.75,0.0,1.0,greedy,,,,,,,,,,,2.9849170000000314,17,000_020,109,46,66,4018.7101434127044,15766.0,20,21,0.0,0.0,5.0,1,803.7617806290617,0,0.0,4268.710143412704,0.0
paper_extended_suite_20260321_continuous_run_only_20260324_0001.zip,exp_robust_ind_5seed_1200s__data6,baseline_sa,seed_1004,paper_extended_suite_20260321/exp_robust_ind_5seed_1200s/exp_robust_ind_5seed_1200s__data6/baseline_sa/seed_1004/placements.csv,1,all_edges,1,0.75,0.0,1.0,path_distance_local_search,,,,,,,,,,,163.04408299999994,17,000_020,109,46,66,4018.7101434127044,15766.0,20,21,0.0,0.0,5.0,1,803.7617806290617,0,0.0,4268.710143412704,0.0
paper_extended_suite_20260321_continuous_run_only_20260324_0001.zip,exp_robust_ind_5seed_1200s__data6,baseline_sa,seed_1004,paper_extended_suite_20260321/exp_robust_ind_5seed_1200s/exp_robust_ind_5seed_1200s__data6/baseline_sa/seed_1004/placements.csv,1,all_edges,1,0.75,0.0,1.0,topology_process_aware,96,,,,,,,,,,126.23483299999994,17,000_020,109,46,86,9575.644792525869,15766.0,27,28,0.0,0.0,0.0,2,2233.267512374868,15,852.0,10075.644792525869,0.0
paper_extended_suite_20260321_continuous_run_only_20260324_0001.zip,exp_robust_ind_5seed_1200s__data6,baseline_sa,seed_1004,paper_extended_suite_20260321/exp_robust_ind_5seed_1200s/exp_robust_ind_5seed_1200s__data6/baseline_sa/seed_1004/placements.csv,1,all_edges,1,0.75,0.0,1.0,process_aware_beam,,8,24,48,56,1,0,2,1.0,0,359.978167,17,000_020,109,46,79,9245.048167727673,15766.0,24,25,0.0,0.0,0.0,1,1251.5215739251162,10,909.5,9495.048167727673,0.0
paper_extended_suite_20260321_continuous_run_only_20260324_0001.zip,exp_robust_ind_5seed_1200s__data6,baseline_sa,seed_1004,paper_extended_suite_20260321/exp_robust_ind_5seed_1200s/exp_robust_ind_5seed_1200s__data6/baseline_sa/seed_1004/placements.csv,150,all_edges,1,0.75,0.0,1.0,greedy,,,,,,,,,,,4.2994169999999166,16,000_020,100,43,67,4836.44110765516,16737.0,18,18,0.0,0.0,5.0,2,1323.9152092568097,8,858.5,5336.44110765516,0.0
paper_extended_suite_20260321_continuous_run_only_20260324_0001.zip,exp_robust_ind_5seed_1200s__data6,baseline_sa,seed_1004,paper_extended_suite_20260321/exp_robust_ind_5seed_1200s/exp_robust_ind_5seed_1200s__data6/baseline_sa/seed_1004/placements.csv,150,all_edges,1,0.75,0.0,1.0,path_distance_local_search,,,,,,,,,,,158.51400000000004,16,000_020,100,43,67,4836.44110765516,16737.0,18,18,0.0,0.0,5.0,2,1323.9152092568097,8,858.5,5336.44110765516,0.0
paper_extended_suite_20260321_continuous_run_only_20260324_0001.zip,exp_robust_ind_5seed_1200s__data6,baseline_sa,seed_1004,paper_extended_suite_20260321/exp_robust_ind_5seed_1200s/exp_robust_ind_5seed_1200s__data6/baseline_sa/seed_1004/placements.csv,150,all_edges,1,0.75,0.0,1.0,topology_process_aware,96,,,,,,,,,,119.99925,16,000_020,100,43,82,6837.295103525478,16737.0,25,25,0.0,0.0,0.0,0,0.0,17,1271.5,6837.295103525478,0.0
paper_extended_suite_20260321_continuous_run_only_20260324_0001.zip,exp_robust_ind_5seed_1200s__data6,baseline_sa,seed_1004,paper_extended_suite_20260321/exp_robust_ind_5seed_1200s/exp_robust_ind_5seed_1200s__data6/baseline_sa/seed_1004/placements.csv,150,all_edges,1,0.75,0.0,1.0,process_aware_beam,,8,24,48,56,1,0,2,1.0,0,551.9774170000001,16,000_020,100,43,74,8122.242538356198,16737.0,24,24,0.0,0.0,0.0,2,2725.425965532947,10,562.5,8622.242538356199,0.0
paper_extended_suite_20260321_continuous_run_only_20260324_0001.zip,exp_robust_ind_5seed_1200s__data6,baseline_sa,seed_1004,paper_extended_suite_20260321/exp_robust_ind_5seed_1200s/exp_robust_ind_5seed_1200s__data6/baseline_sa/seed_1004/placements.csv,152,all_edges,1,0.75,0.0,1.0,greedy,,,,,,,,,,,4.654417000000244,16,000_020,104,42,70,3812.436108205027,17466.5,21,21,0.0,0.0,1.0,1,663.322696732141,9,505.5,4062.436108205027,0.0
paper_extended_suite_20260321_continuous_run_only_20260324_0001.zip,exp_robust_ind_5seed_1200s__data6,baseline_sa,seed_1004,paper_extended_suite_20260321/exp_robust_ind_5seed_1200s/exp_robust_ind_5seed_1200s__data6/baseline_sa/seed_1004/placements.csv,152,all_edges,1,0.75,0.0,1.0,path_distance_local_search,,,,,,,,,,,170.79625,16,000_020,104,42,70,3812.436108205027,17466.5,21,21,0.0,0.0,1.0,1,663.322696732141,9,505.5,4062.436108205027,0.0
paper_extended_suite_20260321_continuous_run_only_20260324_0001.zip,exp_robust_ind_5seed_1200s__data6,baseline_sa,seed_1004,paper_extended_suite_20260321/exp_robust_ind_5seed_1200s/exp_robust_ind_5seed_1200s__data6/baseline_sa/seed_1004/placements.csv,152,all_edges,1,0.75,0.0,1.0,topology_process_aware,96,,,,,,,,,,127.71912500000005,16,000_020,104,42,77,7478.3515273464,17466.5,21,22,0.0,0.0,0.0,0,0.0,16,884.0,7478.3515273464,0.0
paper_extended_suite_20260321_continuous_run_only_20260324_0001.zip,exp_robust_ind_5seed_1200s__data6,baseline_sa,seed_1004,paper_extended_suite_20260321/exp_robust_ind_5seed_1200s/exp_robust_ind_5seed_1200s__data6/baseline_sa/seed_1004/placements.csv,152,all_edges,1,0.75,0.0,1.0,process_aware_beam,,8,24,48,56,1,0,2,1.0,0,389.60020800000007,16,000_020,104,42,75,6156.8189102700735,17466.5,23,24,0.0,0.0,0.0,1,619.7322002284535,11,670.0,6406.8189102700735,0.0
paper_extended_suite_20260321_continuous_run_only_20260324_0001.zip,exp_ablation_pub_1seed_300s__ngcut9,ours_base,seed_1000,paper_extended_suite_20260321/exp_ablation_pub_1seed_300s/exp_ablation_pub_1seed_300s__ngcut9/ours_base/seed_1000/placements.csv,1,all_edges,1,0.75,0.0,1.0,greedy,,,,,,,,,,,1.5077079999996634,9,000_020,51,27,44,33.99999999999999,150.0,8,8,0.0,0.0,1.0,0,0.0,11,15.0,33.99999999999999,0.0
paper_extended_suite_20260321_continuous_run_only_20260324_0001.zip,exp_ablation_pub_1seed_300s__ngcut9,ours_base,seed_1000,paper_extended_suite_20260321/exp_ablation_pub_1seed_300s/exp_ablation_pub_1seed_300s__ngcut9/ours_base/seed_1000/placements.csv,1,all_edges,1,0.75,0.0,1.0,path_distance_local_search,,,,,,,,,,,97.66845899999987,9,000_020,51,27,44,33.99999999999999,150.0,8,8,0.0,0.0,1.0,0,0.0,11,15.0,33.99999999999999,0.0
paper_extended_suite_20260321_continuous_run_only_20260324_0001.zip,exp_ablation_pub_1seed_300s__ngcut9,ours_base,seed_1000,paper_extended_suite_20260321/exp_ablation_pub_1seed_300s/exp_ablation_pub_1seed_300s__ngcut9/ours_base/seed_1000/placements.csv,1,all_edges,1,0.75,0.0,1.0,topology_process_aware,96,,,,,,,,,,32.15366700000022,9,000_020,51,27,50,63.70049002232824,150.0,11,11,0.0,0.0,0.0,0,0.0,15,23.0,63.70049002232824,0.0
paper_extended_suite_20260321_continuous_run_only_20260324_0001.zip,exp_ablation_pub_1seed_300s__ngcut9,ours_base,seed_1000,paper_extended_suite_20260321/exp_ablation_pub_1seed_300s/exp_ablation_pub_1seed_300s__ngcut9/ours_base/seed_1000/placements.csv,1,all_edges,1,0.75,0.0,1.0,process_aware_beam,,8,24,48,56,1,0,2,1.0,0,91.80241700000025,9,000_020,51,27,35,32.0,150.0,9,9,0.0,0.0,0.0,0,0.0,0,0.0,32.0,0.0
paper_extended_suite_20260321_continuous_run_only_20260324_0001.zip,exp_ablation_pub_1seed_300s__ngcut9,ours_base,seed_1000,paper_extended_suite_20260321/exp_ablation_pub_1seed_300s/exp_ablation_pub_1seed_300s__ngcut9/ours_base/seed_1000/placements.csv,2,all_edges,1,0.75,0.0,1.0,greedy,,,,,,,,,,,0.7919579999997595,7,000_020,37,22,29,26.0,168.0,8,8,0.0,0.0,1.0,0,0.0,0,0.0,26.0,0.0
paper_extended_suite_20260321_continuous_run_only_20260324_0001.zip,exp_ablation_pub_1seed_300s__ngcut9,ours_base,seed_1000,paper_extended_suite_20260321/exp_ablation_pub_1seed_300s/exp_ablation_pub_1seed_300s__ngcut9/ours_base/seed_1000/placements.csv,2,all_edges,1,0.75,0.0,1.0,path_distance_local_search,,,,,,,,,,,73.00879199999999,7,000_020,37,22,29,26.0,168.0,8,8,0.0,0.0,1.0,0,0.0,0,0.0,26.0,0.0
paper_extended_suite_20260321_continuous_run_only_20260324_0001.zip,exp_ablation_pub_1seed_300s__ngcut9,ours_base,seed_1000,paper_extended_suite_20260321/exp_ablation_pub_1seed_300s/exp_ablation_pub_1seed_300s__ngcut9/ours_base/seed_1000/placements.csv,2,all_edges,1,0.75,0.0,1.0,topology_process_aware,96,,,,,,,,,,15.371500000000093,7,000_020,37,22,32,31.0,168.0,7,7,0.0,0.0,0.0,0,0.0,5,8.0,31.0,0.0
paper_extended_suite_20260321_continuous_run_only_20260324_0001.zip,exp_ablation_pub_1seed_300s__ngcut9,ours_base,seed_1000,paper_extended_suite_20260321/exp_ablation_pub_1seed_300s/exp_ablation_pub_1seed_300s__ngcut9/ours_base/seed_1000/placements.csv,2,all_edges,1,0.75,0.0,1.0,process_aware_beam,,8,24,48,56,1,0,2,1.0,0,59.811874999999844,7,000_020,37,22,28,18.0,168.0,7,7,0.0,0.0,0.0,0,0.0,0,0.0,18.0,0.0
paper_extended_suite_20260321_continuous_run_only_20260324_0001.zip,exp_ablation_pub_1seed_300s__ngcut9,ours_base,seed_1000,paper_extended_suite_20260321/exp_ablation_pub_1seed_300s/exp_ablation_pub_1seed_300s__ngcut9/ours_base/seed_1000/placements.csv,3,all_edges,1,0.75,0.0,1.0,greedy,,,,,,,,,,,0.21154199999973144,2,000_020,9,7,8,5.0,69.0,2,2,0.0,0.0,0.0,0,0.0,0,0.0,5.0,0.0
paper_extended_suite_20260321_continuous_run_only_20260324_0001.zip,exp_ablation_pub_1seed_300s__ngcut9,ours_base,seed_1000,paper_extended_suite_20260321/exp_ablation_pub_1seed_300s/exp_ablation_pub_1seed_300s__ngcut9/ours_base/seed_1000/placements.csv,3,all_edges,1,0.75,0.0,1.0,path_distance_local_search,,,,,,,,,,,16.08337500000001,2,000_020,9,7,8,5.0,69.0,1,1,0.0,0.0,0.0,0,0.0,0,0.0,5.0,0.0
paper_extended_suite_20260321_continuous_run_only_20260324_0001.zip,exp_ablation_pub_1seed_300s__ngcut9,ours_base,seed_1000,paper_extended_suite_20260321/exp_ablation_pub_1seed_300s/exp_ablation_pub_1seed_300s__ngcut9/ours_base/seed_1000/placements.csv,3,all_edges,1,0.75,0.0,1.0,topology_process_aware,96,,,,,,,,,,1.3747500000000912,2,000_020,9,7,9,12.615773105863909,69.0,3,3,0.0,0.0,0.0,0,0.0,0,0.0,12.615773105863909,0.0
paper_extended_suite_20260321_continuous_run_only_20260324_0001.zip,exp_ablation_pub_1seed_300s__ngcut9,ours_base,seed_1000,paper_extended_suite_20260321/exp_ablation_pub_1seed_300s/exp_ablation_pub_1seed_300s__ngcut9/ours_base/seed_1000/placements.csv,3,all_edges,1,0.75,0.0,1.0,process_aware_beam,,8,24,48,56,1,0,2,1.0,0,8.148499999999892,2,000_020,9,7,9,12.615773105863909,69.0,3,3,0.0,0.0,0.0,0,0.0,0,0.0,12.615773105863909,0.0
review_overnight_20260422.zip,review_t1_ind_a_5seed_300s__data1,baseline_full_beam,seed_1000,review_overnight_20260422\review_t1_ind_a_5seed_300s\review_t1_ind_a_5seed_300s__data1\baseline_full_beam\seed_1000\placements.csv,344,all_edges,1,0.75,0.0,1.0,greedy,,,,,,,,,,,5.113666999999822,22,021_050,178,54,79,4832.431698082522,20146.0,19,19,0.0,0.0,5.0,1,826.5742555874821,8,716.0,5082.431698082522,0.0
review_overnight_20260422.zip,review_t1_ind_a_5seed_300s__data1,baseline_full_beam,seed_1000,review_overnight_20260422\review_t1_ind_a_5seed_300s\review_t1_ind_a_5seed_300s__data1\baseline_full_beam\seed_1000\placements.csv,344,all_edges,1,0.75,0.0,1.0,path_distance_local_search,,,,,,,,,,,193.89849999999998,22,021_050,178,54,79,4832.431698082522,20146.0,19,19,0.0,0.0,5.0,1,826.5742555874821,8,716.0,5082.431698082522,0.0
review_overnight_20260422.zip,review_t1_ind_a_5seed_300s__data1,baseline_full_beam,seed_1000,review_overnight_20260422\review_t1_ind_a_5seed_300s\review_t1_ind_a_5seed_300s__data1\baseline_full_beam\seed_1000\placements.csv,344,all_edges,1,0.75,0.0,1.0,topology_process_aware,96,,,,,,,,,,180.92245799999995,22,021_050,178,54,98,12803.007600346884,20146.0,28,30,0.0,0.0,0.0,1,2430.2528675016515,17,1174.0,13053.007600346884,0.0
review_overnight_20260422.zip,review_t1_ind_a_5seed_300s__data1,baseline_full_beam,seed_1000,review_overnight_20260422\review_t1_ind_a_5seed_300s\review_t1_ind_a_5seed_300s__data1\baseline_full_beam\seed_1000\placements.csv,344,all_edges,1,0.75,0.0,1.0,process_aware_beam,,6,18,36,42,1,0,2,1.0,0,388.05916599999966,22,021_050,178,54,89,7465.6199279295215,20146.0,18,19,0.0,0.0,0.0,0,0.0,19,1458.0,7465.6199279295215,0.0
review_overnight_20260422.zip,review_t1_ind_a_5seed_300s__data1,baseline_full_beam,seed_1000,review_overnight_20260422\review_t1_ind_a_5seed_300s\review_t1_ind_a_5seed_300s__data1\baseline_full_beam\seed_1000\placements.csv,346,all_edges,1,0.75,0.0,1.0,greedy,,,,,,,,,,,8.375583000000297,20,000_020,154,53,95,4977.22767133501,17883.0,21,21,0.0,0.0,4.0,1,680.4241985702741,25,1400.3,5227.22767133501,0.0
review_overnight_20260422.zip,review_t1_ind_a_5seed_300s__data1,baseline_full_beam,seed_1000,review_overnight_20260422\review_t1_ind_a_5seed_300s\review_t1_ind_a_5seed_300s__data1\baseline_full_beam\seed_1000\placements.csv,346,all_edges,1,0.75,0.0,1.0,path_distance_local_search,,,,,,,,,,,301.8829580000002,20,000_020,154,53,94,4776.741602242741,17883.0,20,20,0.0,0.0,4.0,1,680.4241985702741,25,1400.3,5026.741602242741,0.0
review_overnight_20260422.zip,review_t1_ind_a_5seed_300s__data1,baseline_full_beam,seed_1000,review_overnight_20260422\review_t1_ind_a_5seed_300s\review_t1_ind_a_5seed_300s__data1\baseline_full_beam\seed_1000\placements.csv,346,all_edges,1,0.75,0.0,1.0,topology_process_aware,96,,,,,,,,,,232.49379199999964,20,000_020,154,53,89,12252.773364345718,17883.0,28,29,0.0,0.0,0.0,2,3067.4871370539036,9,737.0,12752.773364345718,0.0
review_overnight_20260422.zip,review_t1_ind_a_5seed_300s__data1,baseline_full_beam,seed_1000,review_overnight_20260422\review_t1_ind_a_5seed_300s\review_t1_ind_a_5seed_300s__data1\baseline_full_beam\seed_1000\placements.csv,346,all_edges,1,0.75,0.0,1.0,process_aware_beam,,8,24,48,56,1,0,2,1.0,0,600.5763330000002,20,000_020,154,53,86,7144.060451415711,17883.0,23,25,0.0,0.0,0.0,0,0.0,10,1108.0,7144.060451415711,0.0
review_overnight_20260422.zip,review_t1_ind_a_5seed_300s__data1,baseline_full_beam,seed_1000,review_overnight_20260422\review_t1_ind_a_5seed_300s\review_t1_ind_a_5seed_300s__data1\baseline_full_beam\seed_1000\placements.csv,282,all_edges,1,0.75,0.0,1.0,greedy,,,,,,,,,,,5.479374999999287,18,000_020,121,48,67,5167.919450108562,17908.5,20,20,0.0,0.0,3.0,2,2377.2978798314703,0,0.0,5667.919450108562,0.0
review_overnight_20260422.zip,review_t1_ind_a_5seed_300s__data1,baseline_full_beam,seed_1000,review_overnight_20260422\review_t1_ind_a_5seed_300s\review_t1_ind_a_5seed_300s__data1\baseline_full_beam\seed_1000\placements.csv,282,all_edges,1,0.75,0.0,1.0,path_distance_local_search,,,,,,,,,,,183.33833300000003,18,000_020,121,48,67,5167.919450108562,17908.5,20,20,0.0,0.0,3.0,2,2377.2978798314703,0,0.0,5667.919450108562,0.0
review_overnight_20260422.zip,review_t1_ind_a_5seed_300s__data1,baseline_full_beam,seed_1000,review_overnight_20260422\review_t1_ind_a_5seed_300s\review_t1_ind_a_5seed_300s__data1\baseline_full_beam\seed_1000\placements.csv,282,all_edges,1,0.75,0.0,1.0,topology_process_aware,96,,,,,,,,,,155.27674999999962,18,000_020,121,48,96,11958.332043689876,17908.5,31,33,0.0,0.0,0.0,1,1725.8398680062992,19,2520.5,12208.332043689876,0.0
review_overnight_20260422.zip,review_t1_ind_a_5seed_300s__data1,baseline_full_beam,seed_1000,review_overnight_20260422\review_t1_ind_a_5seed_300s\review_t1_ind_a_5seed_300s__data1\baseline_full_beam\seed_1000\placements.csv,282,all_edges,1,0.75,0.0,1.0,process_aware_beam,,8,24,48,56,1,0,2,1.0,0,535.4614580000003,18,000_020,121,48,85,7241.133728949106,17908.5,23,23,0.0,0.0,0.0,1,1078.3460715373335,17,1728.0,7491.133728949106,0.0
review_overnight_20260422.zip,review_t1_ind_a_5seed_300s__data1,baseline_greedy,seed_1000,review_overnight_20260422\review_t1_ind_a_5seed_300s\review_t1_ind_a_5seed_300s__data1\baseline_greedy\seed_1000\placements.csv,342,all_edges,1,0.75,0.0,1.0,greedy,,,,,,,,,,,15.574832999999622,31,021_050,260,75,141,6165.8284296671345,22848.200000000004,27,28,0.0,0.0,5.0,1,847.4653326242909,42,1571.0,6415.828429667135,0.0
review_overnight_20260422.zip,review_t1_ind_a_5seed_300s__data1,baseline_greedy,seed_1000,review_overnight_20260422\review_t1_ind_a_5seed_300s\review_t1_ind_a_5seed_300s__data1\baseline_greedy\seed_1000\placements.csv,342,all_edges,1,0.75,0.0,1.0,path_distance_local_search,,,,,,,,,,,358.0693330000004,31,021_050,260,75,141,6165.8284296671345,22848.200000000004,27,28,0.0,0.0,5.0,1,847.4653326242909,42,1571.0,6415.828429667135,0.0
review_overnight_20260422.zip,review_t1_ind_a_5seed_300s__data1,baseline_greedy,seed_1000,review_overnight_20260422\review_t1_ind_a_5seed_300s\review_t1_ind_a_5seed_300s__data1\baseline_greedy\seed_1000\placements.csv,342,all_edges,1,0.75,0.0,1.0,topology_process_aware,96,,,,,,,,,,510.35875000000084,31,021_050,260,75,127,10448.117018206834,22848.2,34,35,0.0,0.0,0.0,0,0.0,20,1664.8999999999999,10448.117018206834,0.0
review_overnight_20260422.zip,review_t1_ind_a_5seed_300s__data1,baseline_greedy,seed_1000,review_overnight_20260422\review_t1_ind_a_5seed_300s\review_t1_ind_a_5seed_300s__data1\baseline_greedy\seed_1000\placements.csv,342,all_edges,1,0.75,0.0,1.0,process_aware_beam,,6,18,36,42,1,0,2,1.0,0,1064.4771660000006,31,021_050,260,75,152,9692.418311250573,22848.200000000008,25,26,0.0,0.0,0.0,0,0.0,57,3662.8999999999996,9692.418311250573,0.0
review_overnight_20260422.zip,review_t1_ind_a_5seed_300s__data1,baseline_greedy,seed_1000,review_overnight_20260422\review_t1_ind_a_5seed_300s\review_t1_ind_a_5seed_300s__data1\baseline_greedy\seed_1000\placements.csv,340,all_edges,1,0.75,0.0,1.0,greedy,,,,,,,,,,,7.827499999999432,26,021_050,187,66,106,5354.991670805169,18565.1,33,33,0.0,0.0,3.0,1,665.3908625762755,9,498.79999999999995,5604.991670805169,0.0
review_overnight_20260422.zip,review_t1_ind_a_5seed_300s__data1,baseline_greedy,seed_1000,review_overnight_20260422\review_t1_ind_a_5seed_300s\review_t1_ind_a_5seed_300s__data1\baseline_greedy\seed_1000\placements.csv,340,all_edges,1,0.75,0.0,1.0,path_distance_local_search,,,,,,,,,,,296.6734169999992,26,021_050,187,66,106,5354.991670805169,18565.1,33,33,0.0,0.0,3.0,1,665.3908625762755,9,498.79999999999995,5604.991670805169,0.0
review_overnight_20260422.zip,review_t1_ind_a_5seed_300s__data1,baseline_greedy,seed_1000,review_overnight_20260422\review_t1_ind_a_5seed_300s\review_t1_ind_a_5seed_300s__data1\baseline_greedy\seed_1000\placements.csv,340,all_edges,1,0.75,0.0,1.0,topology_process_aware,96,,,,,,,,,,434.3552079999995,26,021_050,187,66,126,10732.088377460343,18565.1,40,40,0.0,0.0,0.0,1,640.0281243820461,23,829.2,10982.088377460343,0.0
review_overnight_20260422.zip,review_t1_ind_a_5seed_300s__data1,baseline_greedy,seed_1000,review_overnight_20260422\review_t1_ind_a_5seed_300s\review_t1_ind_a_5seed_300s__data1\baseline_greedy\seed_1000\placements.csv,340,all_edges,1,0.75,0.0,1.0,process_aware_beam,,6,18,36,42,1,0,2,1.0,0,962.4882080000017,26,021_050,187,66,120,10405.340461061971,18565.1,34,34,0.0,0.0,0.0,0,0.0,23,1124.3,10405.340461061971,0.0
review_overnight_20260422.zip,review_t1_ind_a_5seed_300s__data1,baseline_greedy,seed_1000,review_overnight_20260422\review_t1_ind_a_5seed_300s\review_t1_ind_a_5seed_300s__data1\baseline_greedy\seed_1000\placements.csv,333,all_edges,1,0.75,0.0,1.0,greedy,,,,,,,,,,,8.115957999999424,25,021_050,210,61,110,6213.883755414443,20748.800000000003,28,28,0.0,0.0,3.0,0,0.0,25,1795.8000000000002,6213.883755414443,0.0
review_overnight_20260422.zip,review_t1_ind_a_5seed_300s__data1,baseline_greedy,seed_1000,review_overnight_20260422\review_t1_ind_a_5seed_300s\review_t1_ind_a_5seed_300s__data1\baseline_greedy\seed_1000\placements.csv,333,all_edges,1,0.75,0.0,1.0,path_distance_local_search,,,,,,,,,,,261.3407919999986,25,021_050,210,61,110,6213.883755414443,20748.800000000003,28,28,0.0,0.0,3.0,0,0.0,25,1795.8000000000002,6213.883755414443,0.0
review_overnight_20260422.zip,review_t1_ind_a_5seed_300s__data1,baseline_greedy,seed_1000,review_overnight_20260422\review_t1_ind_a_5seed_300s\review_t1_ind_a_5seed_300s__data1\baseline_greedy\seed_1000\placements.csv,333,all_edges,1,0.75,0.0,1.0,topology_process_aware,96,,,,,,,,,,240.4943330000009,25,021_050,210,61,109,11733.445111990155,20748.8,35,36,0.0,0.0,0.0,2,1539.880055744154,15,1379.0,12233.445111990155,0.0
review_overnight_20260422.zip,review_t1_ind_a_5seed_300s__data1,baseline_greedy,seed_1000,review_overnight_20260422\review_t1_ind_a_5seed_300s\review_t1_ind_a_5seed_300s__data1\baseline_greedy\seed_1000\placements.csv,333,all_edges,1,0.75,0.0,1.0,process_aware_beam,,6,18,36,42,1,0,2,1.0,0,812.2929580000005,25,021_050,210,61,113,9945.141721645461,20748.800000000003,31,32,0.0,0.0,0.0,1,965.7951387328475,23,1727.0,10195.141721645461,0.0
review_overnight_20260422.zip,review_t1_ind_a_5seed_300s__data1,baseline_pilot,seed_1000,review_overnight_20260422\review_t1_ind_a_5seed_300s\review_t1_ind_a_5seed_300s__data1\baseline_pilot\seed_1000\placements.csv,341,all_edges,1,0.75,0.0,1.0,greedy,,,,,,,,,,,15.751834000001352,32,021_050,232,82,184,8634.05814671594,21845.100000000002,39,39,0.0,0.0,8.0,0,0.0,71,4542.7,8634.05814671594,0.0
review_overnight_20260422.zip,review_t1_ind_a_5seed_300s__data1,baseline_pilot,seed_1000,review_overnight_20260422\review_t1_ind_a_5seed_300s\review_t1_ind_a_5seed_300s__data1\baseline_pilot\seed_1000\placements.csv,341,all_edges,1,0.75,0.0,1.0,path_distance_local_search,,,,,,,,,,,458.9950839999997,32,021_050,232,82,184,8634.05814671594,21845.100000000002,39,39,0.0,0.0,8.0,0,0.0,71,4542.7,8634.05814671594,0.0
review_overnight_20260422.zip,review_t1_ind_a_5seed_300s__data1,baseline_pilot,seed_1000,review_overnight_20260422\review_t1_ind_a_5seed_300s\review_t1_ind_a_5seed_300s__data1\baseline_pilot\seed_1000\placements.csv,341,all_edges,1,0.75,0.0,1.0,topology_process_aware,96,,,,,,,,,,1188.2927080000006,32,021_050,232,82,207,12707.797726168294,21845.1,50,50,0.0,0.0,0.0,1,314.66807909287525,82,3513.5999999999995,12957.797726168294,0.0
review_overnight_20260422.zip,review_t1_ind_a_5seed_300s__data1,baseline_pilot,seed_1000,review_overnight_20260422\review_t1_ind_a_5seed_300s\review_t1_ind_a_5seed_300s__data1\baseline_pilot\seed_1000\placements.csv,341,all_edges,1,0.75,0.0,1.0,process_aware_beam,,6,18,36,42,1,0,2,1.0,0,1780.0210419999996,32,021_050,232,82,163,11009.494508907976,21845.100000000002,41,41,0.0,0.0,0.0,2,2218.896364465366,45,2232.8,11509.494508907976,0.0
review_overnight_20260422.zip,review_t1_ind_a_5seed_300s__data1,baseline_pilot,seed_1000,review_overnight_20260422\review_t1_ind_a_5seed_300s\review_t1_ind_a_5seed_300s__data1\baseline_pilot\seed_1000\placements.csv,342,all_edges,1,0.75,0.0,1.0,greedy,,,,,,,,,,,14.969875000000243,30,021_050,235,76,121,6314.63767433721,21325.100000000006,28,28,0.0,0.0,3.0,2,1476.1866649260423,20,685.2,6814.637674337211,0.0
review_overnight_20260422.zip,review_t1_ind_a_5seed_300s__data1,baseline_pilot,seed_1000,review_overnight_20260422\review_t1_ind_a_5seed_300s\review_t1_ind_a_5seed_300s__data1\baseline_pilot\seed_1000\placements.csv,342,all_edges,1,0.75,0.0,1.0,path_distance_local_search,,,,,,,,,,,356.0958750000012,30,021_050,235,76,121,6314.63767433721,21325.100000000006,28,28,0.0,0.0,3.0,2,1476.1866649260423,20,685.2,6814.637674337211,0.0
review_overnight_20260422.zip,review_t1_ind_a_5seed_300s__data1,baseline_pilot,seed_1000,review_overnight_20260422\review_t1_ind_a_5seed_300s\review_t1_ind_a_5seed_300s__data1\baseline_pilot\seed_1000\placements.csv,342,all_edges,1,0.75,0.0,1.0,topology_process_aware,96,,,,,,,,,,924.1647919999991,30,021_050,235,76,159,13474.124353786781,21325.100000000002,36,37,0.0,0.0,0.0,1,1100.5344156363308,53,3561.2000000000003,13724.124353786781,0.0
review_overnight_20260422.zip,review_t1_ind_a_5seed_300s__data1,baseline_pilot,seed_1000,review_overnight_20260422\review_t1_ind_a_5seed_300s\review_t1_ind_a_5seed_300s__data1\baseline_pilot\seed_1000\placements.csv,342,all_edges,1,0.75,0.0,1.0,process_aware_beam,,6,18,36,42,1,0,2,1.0,0,964.0778339999976,30,021_050,235,76,156,11895.428238137098,21325.100000000002,34,35,0.0,0.0,0.0,1,1221.420406739629,49,2371.2000000000003,12145.428238137098,0.0
review_overnight_20260422.zip,review_t1_ind_a_5seed_300s__data1,baseline_pilot,seed_1000,review_overnight_20260422\review_t1_ind_a_5seed_300s\review_t1_ind_a_5seed_300s__data1\baseline_pilot\seed_1000\placements.csv,343,all_edges,1,0.75,0.0,1.0,greedy,,,,,,,,,,,16.488124999998632,27,021_050,198,71,115,6540.626452444167,18080.699999999997,24,24,0.0,0.0,6.0,2,1829.5041012506485,24,1155.0,7040.626452444167,0.0
review_overnight_20260422.zip,review_t1_ind_a_5seed_300s__data1,baseline_pilot,seed_1000,review_overnight_20260422\review_t1_ind_a_5seed_300s\review_t1_ind_a_5seed_300s__data1\baseline_pilot\seed_1000\placements.csv,343,all_edges,1,0.75,0.0,1.0,path_distance_local_search,,,,,,,,,,,320.3260840000013,27,021_050,198,71,115,6540.626452444167,18080.699999999997,24,24,0.0,0.0,6.0,2,1829.5041012506485,24,1155.0,7040.626452444167,0.0
review_overnight_20260422.zip,review_t1_ind_a_5seed_300s__data1,baseline_pilot,seed_1000,review_overnight_20260422\review_t1_ind_a_5seed_300s\review_t1_ind_a_5seed_300s__data1\baseline_pilot\seed_1000\placements.csv,343,all_edges,1,0.75,0.0,1.0,topology_process_aware,96,,,,,,,,,,732.5582080000004,27,021_050,198,71,169,11766.38192916287,18080.700000000004,38,39,0.0,0.0,0.0,1,608.103815150012,65,3265.3,12016.38192916287,0.0
review_overnight_20260422.zip,review_t1_ind_a_5seed_300s__data1,baseline_pilot,seed_1000,review_overnight_20260422\review_t1_ind_a_5seed_300s\review_t1_ind_a_5seed_300s__data1\baseline_pilot\seed_1000\placements.csv,343,all_edges,1,0.75,0.0,1.0,process_aware_beam,,6,18,36,42,1,0,2,1.0,0,1262.2090829999984,27,021_050,198,71,143,10372.983537645261,18080.700000000004,34,34,0.0,0.0,0.0,1,1031.7620849788966,42,3052.7,10622.983537645261,0.0
strong_baseline_overnight_20260407_001243.zip,exp_strong_full_beam_pub_1seed_300s__ngcut9,baseline_full_beam,seed_1000,strong_baseline_overnight_20260407_001243/exp_strong_full_beam_pub_1seed_300s/exp_strong_full_beam_pub_1seed_300s__ngcut9/baseline_full_beam/seed_1000/placements.csv,1,all_edges,1,0.75,0.0,1.0,greedy,,,,,,,,,,,1.6142500000029258,9,000_020,51,28,40,22.23606797749979,164.0,9,9,0.0,0.0,2.0,0,0.0,5,4.0,22.23606797749979,0.0
strong_baseline_overnight_20260407_001243.zip,exp_strong_full_beam_pub_1seed_300s__ngcut9,baseline_full_beam,seed_1000,strong_baseline_overnight_20260407_001243/exp_strong_full_beam_pub_1seed_300s/exp_strong_full_beam_pub_1seed_300s__ngcut9/baseline_full_beam/seed_1000/placements.csv,1,all_edges,1,0.75,0.0,1.0,path_distance_local_search,,,,,,,,,,,95.22624999999962,9,000_020,51,28,40,22.23606797749979,164.0,9,9,0.0,0.0,2.0,0,0.0,5,4.0,22.23606797749979,0.0
strong_baseline_overnight_20260407_001243.zip,exp_strong_full_beam_pub_1seed_300s__ngcut9,baseline_full_beam,seed_1000,strong_baseline_overnight_20260407_001243/exp_strong_full_beam_pub_1seed_300s/exp_strong_full_beam_pub_1seed_300s__ngcut9/baseline_full_beam/seed_1000/placements.csv,1,all_edges,1,0.75,0.0,1.0,topology_process_aware,96,,,,,,,,,,24.010957999998084,9,000_020,51,28,48,54.56062529783655,164.0,10,10,0.0,0.0,0.0,0,0.0,12,22.000002000000006,54.56062529783655,0.0
strong_baseline_overnight_20260407_001243.zip,exp_strong_full_beam_pub_1seed_300s__ngcut9,baseline_full_beam,seed_1000,strong_baseline_overnight_20260407_001243/exp_strong_full_beam_pub_1seed_300s/exp_strong_full_beam_pub_1seed_300s__ngcut9/baseline_full_beam/seed_1000/placements.csv,1,all_edges,1,0.75,0.0,1.0,process_aware_beam,,8,24,48,56,1,0,2,1.0,0,143.70670899999993,9,000_020,51,28,44,59.00322475972682,164.0,10,10,0.0,0.0,0.0,0,0.0,9,15.0,59.00322475972682,0.0
strong_baseline_overnight_20260407_001243.zip,exp_strong_full_beam_pub_1seed_300s__ngcut9,baseline_full_beam,seed_1000,strong_baseline_overnight_20260407_001243/exp_strong_full_beam_pub_1seed_300s/exp_strong_full_beam_pub_1seed_300s__ngcut9/baseline_full_beam/seed_1000/placements.csv,2,all_edges,1,0.75,0.0,1.0,greedy,,,,,,,,,,,1.1772500000013508,7,000_020,37,22,34,25.999999999999996,161.0,8,8,0.0,0.0,3.0,0,0.0,6,10.0,25.999999999999996,0.0
strong_baseline_overnight_20260407_001243.zip,exp_strong_full_beam_pub_1seed_300s__ngcut9,baseline_full_beam,seed_1000,strong_baseline_overnight_20260407_001243/exp_strong_full_beam_pub_1seed_300s/exp_strong_full_beam_pub_1seed_300s__ngcut9/baseline_full_beam/seed_1000/placements.csv,2,all_edges,1,0.75,0.0,1.0,path_distance_local_search,,,,,,,,,,,106.60191699999899,7,000_020,37,22,34,25.999999999999996,161.0,7,7,0.0,0.0,3.0,0,0.0,6,10.0,25.999999999999996,0.0
strong_baseline_overnight_20260407_001243.zip,exp_strong_full_beam_pub_1seed_300s__ngcut9,baseline_full_beam,seed_1000,strong_baseline_overnight_20260407_001243/exp_strong_full_beam_pub_1seed_300s/exp_strong_full_beam_pub_1seed_300s__ngcut9/baseline_full_beam/seed_1000/placements.csv,2,all_edges,1,0.75,0.0,1.0,topology_process_aware,96,,,,,,,,,,13.717040999999597,7,000_020,37,22,35,43.86606874731851,161.0,9,9,0.0,0.0,0.0,0,0.0,6,16.0,43.86606874731851,0.0
strong_baseline_overnight_20260407_001243.zip,exp_strong_full_beam_pub_1seed_300s__ngcut9,baseline_full_beam,seed_1000,strong_baseline_overnight_20260407_001243/exp_strong_full_beam_pub_1seed_300s/exp_strong_full_beam_pub_1seed_300s__ngcut9/baseline_full_beam/seed_1000/placements.csv,2,all_edges,1,0.75,0.0,1.0,process_aware_beam,,8,24,48,56,1,0,2,1.0,0,52.59637500000025,7,000_020,37,22,28,32.071067811865476,161.0,7,7,0.0,0.0,0.0,0,0.0,0,0.0,32.071067811865476,0.0
strong_baseline_overnight_20260407_001243.zip,exp_strong_full_beam_pub_1seed_300s__ngcut9,baseline_full_beam,seed_1000,strong_baseline_overnight_20260407_001243/exp_strong_full_beam_pub_1seed_300s/exp_strong_full_beam_pub_1seed_300s__ngcut9/baseline_full_beam/seed_1000/placements.csv,3,all_edges,1,0.75,0.0,1.0,greedy,,,,,,,,,,,0.20950000000041769,2,000_020,9,7,8,8.0,66.0,2,2,0.0,0.0,0.0,0,0.0,0,0.0,8.0,0.0
strong_baseline_overnight_20260407_001243.zip,exp_strong_full_beam_pub_1seed_300s__ngcut9,baseline_full_beam,seed_1000,strong_baseline_overnight_20260407_001243/exp_strong_full_beam_pub_1seed_300s/exp_strong_full_beam_pub_1seed_300s__ngcut9/baseline_full_beam/seed_1000/placements.csv,3,all_edges,1,0.75,0.0,1.0,path_distance_local_search,,,,,,,,,,,11.601124999998547,2,000_020,9,7,8,8.0,66.0,1,1,0.0,0.0,0.0,0,0.0,0,0.0,8.0,0.0
strong_baseline_overnight_20260407_001243.zip,exp_strong_full_beam_pub_1seed_300s__ngcut9,baseline_full_beam,seed_1000,strong_baseline_overnight_20260407_001243/exp_strong_full_beam_pub_1seed_300s/exp_strong_full_beam_pub_1seed_300s__ngcut9/baseline_full_beam/seed_1000/placements.csv,3,all_edges,1,0.75,0.0,1.0,topology_process_aware,96,,,,,,,,,,1.3852080000020806,2,000_020,9,7,9,14.0,66.0,3,3,0.0,0.0,0.0,0,0.0,0,0.0,14.0,0.0
strong_baseline_overnight_20260407_001243.zip,exp_strong_full_beam_pub_1seed_300s__ngcut9,baseline_full_beam,seed_1000,strong_baseline_overnight_20260407_001243/exp_strong_full_beam_pub_1seed_300s/exp_strong_full_beam_pub_1seed_300s__ngcut9/baseline_full_beam/seed_1000/placements.csv,3,all_edges,1,0.75,0.0,1.0,process_aware_beam,,8,24,48,56,1,0,2,1.0,0,8.027542000000665,2,000_020,9,7,9,34.518284528683196,66.0,3,3,0.0,0.0,0.0,0,0.0,0,0.0,34.518284528683196,0.0
strong_baseline_overnight_20260407_001243.zip,exp_strong_pilot_pub_1seed_300s__ngcut9,baseline_greedy,seed_1000,strong_baseline_overnight_20260407_001243/exp_strong_pilot_pub_1seed_300s/exp_strong_pilot_pub_1seed_300s__ngcut9/baseline_greedy/seed_1000/placements.csv,2,all_edges,1,0.75,0.0,1.0,greedy,,,,,,,,,,,1.0662079999974594,9,000_020,50,28,37,30.23606797749979,159.0,10,10,0.0,0.0,1.0,0,0.0,0,0.0,30.23606797749979,0.0
strong_baseline_overnight_20260407_001243.zip,exp_strong_pilot_pub_1seed_300s__ngcut9,baseline_greedy,seed_1000,strong_baseline_overnight_20260407_001243/exp_strong_pilot_pub_1seed_300s/exp_strong_pilot_pub_1seed_300s__ngcut9/baseline_greedy/seed_1000/placements.csv,2,all_edges,1,0.75,0.0,1.0,path_distance_local_search,,,,,,,,,,,68.27529199999915,9,000_020,50,28,37,30.23606797749979,159.0,10,10,0.0,0.0,1.0,0,0.0,0,0.0,30.23606797749979,0.0
strong_baseline_overnight_20260407_001243.zip,exp_strong_pilot_pub_1seed_300s__ngcut9,baseline_greedy,seed_1000,strong_baseline_overnight_20260407_001243/exp_strong_pilot_pub_1seed_300s/exp_strong_pilot_pub_1seed_300s__ngcut9/baseline_greedy/seed_1000/placements.csv,2,all_edges,1,0.75,0.0,1.0,topology_process_aware,96,,,,,,,,,,27.923417000000228,9,000_020,50,28,58,66.23606797749977,159.0,14,14,0.0,0.0,0.0,0,0.0,20,22.0,66.23606797749977,0.0
strong_baseline_overnight_20260407_001243.zip,exp_strong_pilot_pub_1seed_300s__ngcut9,baseline_greedy,seed_1000,strong_baseline_overnight_20260407_001243/exp_strong_pilot_pub_1seed_300s/exp_strong_pilot_pub_1seed_300s__ngcut9/baseline_greedy/seed_1000/placements.csv,2,all_edges,1,0.75,0.0,1.0,process_aware_beam,,8,24,48,56,1,0,2,1.0,0,89.65075000000056,9,000_020,50,28,40,53.0,159.0,10,11,0.0,0.0,0.0,0,0.0,3,3.0,53.0,0.0
strong_baseline_overnight_20260407_001243.zip,exp_strong_pilot_pub_1seed_300s__ngcut9,baseline_greedy,seed_1000,strong_baseline_overnight_20260407_001243/exp_strong_pilot_pub_1seed_300s/exp_strong_pilot_pub_1seed_300s__ngcut9/baseline_greedy/seed_1000/placements.csv,3,all_edges,1,0.75,0.0,1.0,greedy,,,,,,,,,,,0.6677499999980796,5,000_020,27,16,25,29.0,113.0,6,6,0.0,0.0,1.0,0,0.0,5,18.0,29.0,0.0
strong_baseline_overnight_20260407_001243.zip,exp_strong_pilot_pub_1seed_300s__ngcut9,baseline_greedy,seed_1000,strong_baseline_overnight_20260407_001243/exp_strong_pilot_pub_1seed_300s/exp_strong_pilot_pub_1seed_300s__ngcut9/baseline_greedy/seed_1000/placements.csv,3,all_edges,1,0.75,0.0,1.0,path_distance_local_search,,,,,,,,,,,47.818666000001286,5,000_020,27,16,25,29.0,113.0,6,6,0.0,0.0,1.0,0,0.0,5,18.0,29.0,0.0
strong_baseline_overnight_20260407_001243.zip,exp_strong_pilot_pub_1seed_300s__ngcut9,baseline_greedy,seed_1000,strong_baseline_overnight_20260407_001243/exp_strong_pilot_pub_1seed_300s/exp_strong_pilot_pub_1seed_300s__ngcut9/baseline_greedy/seed_1000/placements.csv,3,all_edges,1,0.75,0.0,1.0,topology_process_aware,96,,,,,,,,,,6.835959000000003,5,000_020,27,16,26,57.698448828284675,113.0,11,11,0.0,0.0,0.0,0,0.0,0,0.0,57.698448828284675,0.0
strong_baseline_overnight_20260407_001243.zip,exp_strong_pilot_pub_1seed_300s__ngcut9,baseline_greedy,seed_1000,strong_baseline_overnight_20260407_001243/exp_strong_pilot_pub_1seed_300s/exp_strong_pilot_pub_1seed_300s__ngcut9/baseline_greedy/seed_1000/placements.csv,3,all_edges,1,0.75,0.0,1.0,process_aware_beam,,8,24,48,56,1,0,2,1.0,0,29.317667000000824,5,000_020,27,16,21,24.0,113.0,6,6,0.0,0.0,0.0,0,0.0,0,0.0,24.0,0.0
strong_baseline_overnight_20260407_001243.zip,exp_strong_pilot_pub_1seed_300s__ngcut9,baseline_greedy,seed_1000,strong_baseline_overnight_20260407_001243/exp_strong_pilot_pub_1seed_300s/exp_strong_pilot_pub_1seed_300s__ngcut9/baseline_greedy/seed_1000/placements.csv,1,all_edges,1,0.75,0.0,1.0,greedy,,,,,,,,,,,0.49525000000016917,4,000_020,20,13,19,31.0,117.0,4,4,0.0,0.0,1.0,0,0.0,4,17.0,31.0,0.0
strong_baseline_overnight_20260407_001243.zip,exp_strong_pilot_pub_1seed_300s__ngcut9,baseline_greedy,seed_1000,strong_baseline_overnight_20260407_001243/exp_strong_pilot_pub_1seed_300s/exp_strong_pilot_pub_1seed_300s__ngcut9/baseline_greedy/seed_1000/placements.csv,1,all_edges,1,0.75,0.0,1.0,path_distance_local_search,,,,,,,,,,,34.993415999998945,4,000_020,20,13,19,31.0,117.0,4,4,0.0,0.0,1.0,0,0.0,4,17.0,31.0,0.0
strong_baseline_overnight_20260407_001243.zip,exp_strong_pilot_pub_1seed_300s__ngcut9,baseline_greedy,seed_1000,strong_baseline_overnight_20260407_001243/exp_strong_pilot_pub_1seed_300s/exp_strong_pilot_pub_1seed_300s__ngcut9/baseline_greedy/seed_1000/placements.csv,1,all_edges,1,0.75,0.0,1.0,topology_process_aware,96,,,,,,,,,,4.47737500000045,4,000_020,20,13,19,50.93541739055847,117.0,7,7,0.0,0.0,0.0,0,0.0,0,0.0,50.93541739055847,0.0
strong_baseline_overnight_20260407_001243.zip,exp_strong_pilot_pub_1seed_300s__ngcut9,baseline_greedy,seed_1000,strong_baseline_overnight_20260407_001243/exp_strong_pilot_pub_1seed_300s/exp_strong_pilot_pub_1seed_300s__ngcut9/baseline_greedy/seed_1000/placements.csv,1,all_edges,1,0.75,0.0,1.0,process_aware_beam,,8,24,48,56,1,0,2,1.0,0,22.759958000001745,4,000_020,20,13,17,24.950844619618657,117.0,5,5,0.0,0.0,0.0,0,0.0,0,0.0,24.950844619618657,0.0
strong_baseline_overnight_20260407_001243.zip,exp_strong_repeat_ind_5seed_300s__data6,baseline_pilot,seed_1004,strong_baseline_overnight_20260407_001243/exp_strong_repeat_ind_5seed_300s/exp_strong_repeat_ind_5seed_300s__data6/baseline_pilot/seed_1004/placements.csv,149,all_edges,1,0.75,0.0,1.0,greedy,,,,,,,,,,,9.76962500000056,21,021_050,165,54,90,5872.623526163867,18356.0,19,19,0.0,0.0,4.0,2,1946.9043929942136,21,1853.0,6372.623526163867,0.0
strong_baseline_overnight_20260407_001243.zip,exp_strong_repeat_ind_5seed_300s__data6,baseline_pilot,seed_1004,strong_baseline_overnight_20260407_001243/exp_strong_repeat_ind_5seed_300s/exp_strong_repeat_ind_5seed_300s__data6/baseline_pilot/seed_1004/placements.csv,149,all_edges,1,0.75,0.0,1.0,path_distance_local_search,,,,,,,,,,,236.07145799999785,21,021_050,165,54,90,5872.623526163867,18356.0,19,19,0.0,0.0,4.0,2,1946.9043929942136,21,1853.0,6372.623526163867,0.0
strong_baseline_overnight_20260407_001243.zip,exp_strong_repeat_ind_5seed_300s__data6,baseline_pilot,seed_1004,strong_baseline_overnight_20260407_001243/exp_strong_repeat_ind_5seed_300s/exp_strong_repeat_ind_5seed_300s__data6/baseline_pilot/seed_1004/placements.csv,149,all_edges,1,0.75,0.0,1.0,topology_process_aware,96,,,,,,,,,,191.12725000000097,21,021_050,165,54,86,8820.60844657335,18356.0,27,27,0.0,0.0,0.0,2,2767.542550483039,8,778.0,9320.60844657335,0.0
strong_baseline_overnight_20260407_001243.zip,exp_strong_repeat_ind_5seed_300s__data6,baseline_pilot,seed_1004,strong_baseline_overnight_20260407_001243/exp_strong_repeat_ind_5seed_300s/exp_strong_repeat_ind_5seed_300s__data6/baseline_pilot/seed_1004/placements.csv,149,all_edges,1,0.75,0.0,1.0,process_aware_beam,,6,18,36,42,1,0,2,1.0,0,538.757541999999,21,021_050,165,54,127,9188.068116717403,18356.0,25,26,0.0,0.0,0.0,0,0.0,52,2936.0,9188.068116717403,0.0
strong_baseline_overnight_20260407_001243.zip,exp_strong_repeat_ind_5seed_300s__data6,baseline_pilot,seed_1004,strong_baseline_overnight_20260407_001243/exp_strong_repeat_ind_5seed_300s/exp_strong_repeat_ind_5seed_300s__data6/baseline_pilot/seed_1004/placements.csv,150,all_edges,1,0.75,0.0,1.0,greedy,,,,,,,,,,,8.617249999996801,21,021_050,159,54,105,5743.085801185464,17382.0,21,21,0.0,0.0,6.0,1,944.0858011854642,34,2539.0,5993.085801185464,0.0
strong_baseline_overnight_20260407_001243.zip,exp_strong_repeat_ind_5seed_300s__data6,baseline_pilot,seed_1004,strong_baseline_overnight_20260407_001243/exp_strong_repeat_ind_5seed_300s/exp_strong_repeat_ind_5seed_300s__data6/baseline_pilot/seed_1004/placements.csv,150,all_edges,1,0.75,0.0,1.0,path_distance_local_search,,,,,,,,,,,259.36904199999947,21,021_050,159,54,105,5743.085801185464,17382.0,21,21,0.0,0.0,6.0,1,944.0858011854642,34,2539.0,5993.085801185464,0.0
strong_baseline_overnight_20260407_001243.zip,exp_strong_repeat_ind_5seed_300s__data6,baseline_pilot,seed_1004,strong_baseline_overnight_20260407_001243/exp_strong_repeat_ind_5seed_300s/exp_strong_repeat_ind_5seed_300s__data6/baseline_pilot/seed_1004/placements.csv,150,all_edges,1,0.75,0.0,1.0,topology_process_aware,96,,,,,,,,,,205.12283300000078,21,021_050,159,54,107,10506.366711744084,17382.0,29,31,0.0,0.0,0.0,0,0.0,27,2777.0,10506.366711744084,0.0
strong_baseline_overnight_20260407_001243.zip,exp_strong_repeat_ind_5seed_300s__data6,baseline_pilot,seed_1004,strong_baseline_overnight_20260407_001243/exp_strong_repeat_ind_5seed_300s/exp_strong_repeat_ind_5seed_300s__data6/baseline_pilot/seed_1004/placements.csv,150,all_edges,1,0.75,0.0,1.0,process_aware_beam,,6,18,36,42,1,0,2,1.0,0,504.820083000002,21,021_050,159,54,99,11856.63226352017,17382.0,30,31,0.0,0.0,0.0,0,0.0,17,2509.0,11856.63226352017,0.0
strong_baseline_overnight_20260407_001243.zip,exp_strong_repeat_ind_5seed_300s__data6,baseline_pilot,seed_1004,strong_baseline_overnight_20260407_001243/exp_strong_repeat_ind_5seed_300s/exp_strong_repeat_ind_5seed_300s__data6/baseline_pilot/seed_1004/placements.csv,148,all_edges,1,0.75,0.0,1.0,greedy,,,,,,,,,,,3.6186660000012694,18,000_020,161,41,66,3973.2271304567084,17676.5,14,14,0.0,0.0,5.0,0,0.0,14,928.0,3973.2271304567084,0.0
strong_baseline_overnight_20260407_001243.zip,exp_strong_repeat_ind_5seed_300s__data6,baseline_pilot,seed_1004,strong_baseline_overnight_20260407_001243/exp_strong_repeat_ind_5seed_300s/exp_strong_repeat_ind_5seed_300s__data6/baseline_pilot/seed_1004/placements.csv,148,all_edges,1,0.75,0.0,1.0,path_distance_local_search,,,,,,,,,,,169.21424999999957,18,000_020,161,41,66,3973.2271304567084,17676.5,14,14,0.0,0.0,5.0,0,0.0,14,928.0,3973.2271304567084,0.0
strong_baseline_overnight_20260407_001243.zip,exp_strong_repeat_ind_5seed_300s__data6,baseline_pilot,seed_1004,strong_baseline_overnight_20260407_001243/exp_strong_repeat_ind_5seed_300s/exp_strong_repeat_ind_5seed_300s__data6/baseline_pilot/seed_1004/placements.csv,148,all_edges,1,0.75,0.0,1.0,topology_process_aware,96,,,,,,,,,,92.20770800000011,18,000_020,161,41,72,6071.968638116963,17676.5,17,17,0.0,0.0,0.0,0,0.0,17,1688.0,6071.968638116963,0.0
strong_baseline_overnight_20260407_001243.zip,exp_strong_repeat_ind_5seed_300s__data6,baseline_pilot,seed_1004,strong_baseline_overnight_20260407_001243/exp_strong_repeat_ind_5seed_300s/exp_strong_repeat_ind_5seed_300s__data6/baseline_pilot/seed_1004/placements.csv,148,all_edges,1,0.75,0.0,1.0,process_aware_beam,,8,24,48,56,1,0,2,1.0,0,315.7649590000027,18,000_020,161,41,66,4486.1568816357085,17676.5,13,13,0.0,0.0,0.0,0,0.0,15,1230.0,4486.1568816357085,0.0
