archive,case_name,placement_method,seed,placements_member,board_id,method,support_policy,min_support_count,min_support_ratio,min_area_normalized_support,adjacency_support_weight,runtime_ms,rectangle_count,candidate_unit_count,selected_unit_count,action_count,air_move_distance,travel_mode_cost,hard_penalty,stability_penalty,safe_lift_count,detour_count
paper_extended_suite_20260321_continuous_run_only_20260324_0001.zip,exp_main_pub_all_1seed_300s__ngcut9,baseline_greedy,seed_1000,paper_extended_suite_20260321/exp_main_pub_all_1seed_300s/exp_main_pub_all_1seed_300s__ngcut9/baseline_greedy/seed_1000/placements.csv,2,topology,all_edges,1,0.0,0.0,0.0,2.669374999999974,9,50,28,47,126.72406612663826,126.72406612663826,0.0,0.0,0,0
paper_extended_suite_20260321_continuous_run_only_20260324_0001.zip,exp_main_pub_all_1seed_300s__ngcut9,baseline_greedy,seed_1000,paper_extended_suite_20260321/exp_main_pub_all_1seed_300s/exp_main_pub_all_1seed_300s__ngcut9/baseline_greedy/seed_1000/placements.csv,2,topology_process_aware,all_edges,1,0.0,0.0,0.0,39.349416999999995,9,50,28,41,31.605551275463988,31.605551275463988,0.0,0.0,0,4
paper_extended_suite_20260321_continuous_run_only_20260324_0001.zip,exp_main_pub_all_1seed_300s__ngcut9,baseline_greedy,seed_1000,paper_extended_suite_20260321/exp_main_pub_all_1seed_300s/exp_main_pub_all_1seed_300s__ngcut9/baseline_greedy/seed_1000/placements.csv,2,topology_local_search_process_aware,all_edges,1,0.0,0.0,0.0,109.365125,9,50,28,41,31.605551275463988,31.605551275463988,0.0,0.0,0,4
paper_extended_suite_20260321_continuous_run_only_20260324_0001.zip,exp_main_pub_all_1seed_300s__ngcut9,baseline_greedy,seed_1000,paper_extended_suite_20260321/exp_main_pub_all_1seed_300s/exp_main_pub_all_1seed_300s__ngcut9/baseline_greedy/seed_1000/placements.csv,2,topology,all_edges,1,0.0,0.0,1.0,2.6430419999999843,9,50,28,47,126.72406612663826,126.72406612663826,0.0,0.0,0,0
paper_extended_suite_20260321_continuous_run_only_20260324_0001.zip,exp_main_pub_all_1seed_300s__ngcut9,baseline_greedy,seed_1000,paper_extended_suite_20260321/exp_main_pub_all_1seed_300s/exp_main_pub_all_1seed_300s__ngcut9/baseline_greedy/seed_1000/placements.csv,2,topology_process_aware,all_edges,1,0.0,0.0,1.0,25.404749999999975,9,50,28,41,31.605551275463988,31.605551275463988,0.0,0.0,0,4
paper_extended_suite_20260321_continuous_run_only_20260324_0001.zip,exp_main_pub_all_1seed_300s__ngcut9,baseline_greedy,seed_1000,paper_extended_suite_20260321/exp_main_pub_all_1seed_300s/exp_main_pub_all_1seed_300s__ngcut9/baseline_greedy/seed_1000/placements.csv,2,topology_local_search_process_aware,all_edges,1,0.0,0.0,1.0,85.12733299999996,9,50,28,41,31.605551275463988,31.605551275463988,0.0,0.0,0,4
paper_extended_suite_20260321_continuous_run_only_20260324_0001.zip,exp_main_pub_all_1seed_300s__ngcut9,baseline_greedy,seed_1000,paper_extended_suite_20260321/exp_main_pub_all_1seed_300s/exp_main_pub_all_1seed_300s__ngcut9/baseline_greedy/seed_1000/placements.csv,2,topology,all_edges,1,0.25,0.0,0.0,2.5966659999999697,9,50,28,47,126.72406612663826,126.72406612663826,0.0,8.0,0,0
paper_extended_suite_20260321_continuous_run_only_20260324_0001.zip,exp_main_pub_all_1seed_300s__ngcut9,baseline_greedy,seed_1000,paper_extended_suite_20260321/exp_main_pub_all_1seed_300s/exp_main_pub_all_1seed_300s__ngcut9/baseline_greedy/seed_1000/placements.csv,2,topology_process_aware,all_edges,1,0.25,0.0,0.0,33.85433300000007,9,50,28,52,50.236067977499786,50.236067977499786,0.0,0.0,0,15
paper_extended_suite_20260321_continuous_run_only_20260324_0001.zip,exp_main_pub_all_1seed_300s__ngcut9,baseline_greedy,seed_1000,paper_extended_suite_20260321/exp_main_pub_all_1seed_300s/exp_main_pub_all_1seed_300s__ngcut9/baseline_greedy/seed_1000/placements.csv,2,topology_local_search_process_aware,all_edges,1,0.25,0.0,0.0,155.42154200000002,9,50,28,52,50.236067977499786,50.236067977499786,0.0,0.0,0,15
paper_extended_suite_20260321_continuous_run_only_20260324_0001.zip,exp_main_pub_all_1seed_300s__ngcut9,baseline_greedy,seed_1000,paper_extended_suite_20260321/exp_main_pub_all_1seed_300s/exp_main_pub_all_1seed_300s__ngcut9/baseline_greedy/seed_1000/placements.csv,2,topology,all_edges,1,0.25,0.0,1.0,2.530916999999966,9,50,28,47,126.72406612663826,126.72406612663826,0.0,0.0,0,0
paper_extended_suite_20260321_continuous_run_only_20260324_0001.zip,exp_main_pub_all_1seed_300s__ngcut9,baseline_greedy,seed_1000,paper_extended_suite_20260321/exp_main_pub_all_1seed_300s/exp_main_pub_all_1seed_300s__ngcut9/baseline_greedy/seed_1000/placements.csv,2,topology_process_aware,all_edges,1,0.25,0.0,1.0,25.73170800000002,9,50,28,41,31.605551275463988,31.605551275463988,0.0,0.0,0,4
paper_extended_suite_20260321_continuous_run_only_20260324_0001.zip,exp_main_pub_all_1seed_300s__ngcut9,baseline_greedy,seed_1000,paper_extended_suite_20260321/exp_main_pub_all_1seed_300s/exp_main_pub_all_1seed_300s__ngcut9/baseline_greedy/seed_1000/placements.csv,2,topology_local_search_process_aware,all_edges,1,0.25,0.0,1.0,86.0682089999999,9,50,28,41,31.605551275463988,31.605551275463988,0.0,0.0,0,4
paper_extended_suite_20260321_continuous_run_only_20260324_0001.zip,exp_main_pub_all_1seed_300s__ngcut9,baseline_greedy,seed_1000,paper_extended_suite_20260321/exp_main_pub_all_1seed_300s/exp_main_pub_all_1seed_300s__ngcut9/baseline_greedy/seed_1000/placements.csv,2,topology,all_edges,1,0.5,0.0,0.0,2.5665419999998385,9,50,28,47,126.72406612663826,126.72406612663826,0.0,10.0,0,0
paper_extended_suite_20260321_continuous_run_only_20260324_0001.zip,exp_main_pub_all_1seed_300s__ngcut9,baseline_greedy,seed_1000,paper_extended_suite_20260321/exp_main_pub_all_1seed_300s/exp_main_pub_all_1seed_300s__ngcut9/baseline_greedy/seed_1000/placements.csv,2,topology_process_aware,all_edges,1,0.5,0.0,0.0,23.19837499999999,9,50,28,53,93.25832475822783,93.25832475822783,0.0,0.0,0,8
paper_extended_suite_20260321_continuous_run_only_20260324_0001.zip,exp_main_pub_all_1seed_300s__ngcut9,baseline_greedy,seed_1000,paper_extended_suite_20260321/exp_main_pub_all_1seed_300s/exp_main_pub_all_1seed_300s__ngcut9/baseline_greedy/seed_1000/placements.csv,2,topology_local_search_process_aware,all_edges,1,0.5,0.0,0.0,152.8069999999999,9,50,28,53,93.25832475822783,93.25832475822783,0.0,0.0,0,8
paper_extended_suite_20260321_continuous_run_only_20260324_0001.zip,exp_main_pub_all_1seed_300s__ngcut9,baseline_greedy,seed_1000,paper_extended_suite_20260321/exp_main_pub_all_1seed_300s/exp_main_pub_all_1seed_300s__ngcut9/baseline_greedy/seed_1000/placements.csv,2,topology,all_edges,1,0.5,0.0,1.0,2.621875000000218,9,50,28,47,126.72406612663826,126.72406612663826,0.0,0.0,0,0
paper_extended_suite_20260321_continuous_run_only_20260324_0001.zip,exp_main_pub_all_1seed_300s__ngcut9,baseline_greedy,seed_1000,paper_extended_suite_20260321/exp_main_pub_all_1seed_300s/exp_main_pub_all_1seed_300s__ngcut9/baseline_greedy/seed_1000/placements.csv,2,topology_process_aware,all_edges,1,0.5,0.0,1.0,25.871707999999938,9,50,28,41,31.605551275463988,31.605551275463988,0.0,0.0,0,4
paper_extended_suite_20260321_continuous_run_only_20260324_0001.zip,exp_main_pub_all_1seed_300s__ngcut9,baseline_greedy,seed_1000,paper_extended_suite_20260321/exp_main_pub_all_1seed_300s/exp_main_pub_all_1seed_300s__ngcut9/baseline_greedy/seed_1000/placements.csv,2,topology_local_search_process_aware,all_edges,1,0.5,0.0,1.0,87.25516600000005,9,50,28,41,31.605551275463988,31.605551275463988,0.0,0.0,0,4
paper_extended_suite_20260321_continuous_run_only_20260324_0001.zip,exp_main_pub_all_1seed_300s__ngcut9,baseline_greedy,seed_1000,paper_extended_suite_20260321/exp_main_pub_all_1seed_300s/exp_main_pub_all_1seed_300s__ngcut9/baseline_greedy/seed_1000/placements.csv,2,topology,all_edges,1,0.75,0.0,0.0,2.6609589999999628,9,50,28,47,126.72406612663826,126.72406612663826,0.0,14.0,0,0
paper_extended_suite_20260321_continuous_run_only_20260324_0001.zip,exp_main_pub_all_1seed_300s__ngcut9,baseline_greedy,seed_1000,paper_extended_suite_20260321/exp_main_pub_all_1seed_300s/exp_main_pub_all_1seed_300s__ngcut9/baseline_greedy/seed_1000/placements.csv,2,topology_process_aware,all_edges,1,0.75,0.0,0.0,20.765499999999992,9,50,28,49,89.98536943829724,89.98536943829724,0.0,3.0,0,5
paper_extended_suite_20260321_continuous_run_only_20260324_0001.zip,exp_main_pub_all_1seed_300s__ngcut9,baseline_greedy,seed_1000,paper_extended_suite_20260321/exp_main_pub_all_1seed_300s/exp_main_pub_all_1seed_300s__ngcut9/baseline_greedy/seed_1000/placements.csv,2,topology_local_search_process_aware,all_edges,1,0.75,0.0,0.0,161.311875,9,50,28,49,89.11698415570054,89.11698415570054,0.0,3.0,0,5
paper_extended_suite_20260321_continuous_run_only_20260324_0001.zip,exp_main_pub_all_1seed_300s__ngcut9,baseline_greedy,seed_1000,paper_extended_suite_20260321/exp_main_pub_all_1seed_300s/exp_main_pub_all_1seed_300s__ngcut9/baseline_greedy/seed_1000/placements.csv,2,topology,all_edges,1,0.75,0.0,1.0,2.7887499999998955,9,50,28,47,126.72406612663826,126.72406612663826,0.0,2.0,0,0
paper_extended_suite_20260321_continuous_run_only_20260324_0001.zip,exp_main_pub_all_1seed_300s__ngcut9,baseline_greedy,seed_1000,paper_extended_suite_20260321/exp_main_pub_all_1seed_300s/exp_main_pub_all_1seed_300s__ngcut9/baseline_greedy/seed_1000/placements.csv,2,topology_process_aware,all_edges,1,0.75,0.0,1.0,51.57887499999991,9,50,28,58,66.23606797749977,66.23606797749977,0.0,0.0,0,20
paper_extended_suite_20260321_continuous_run_only_20260324_0001.zip,exp_main_pub_all_1seed_300s__ngcut9,baseline_greedy,seed_1000,paper_extended_suite_20260321/exp_main_pub_all_1seed_300s/exp_main_pub_all_1seed_300s__ngcut9/baseline_greedy/seed_1000/placements.csv,2,topology_local_search_process_aware,all_edges,1,0.75,0.0,1.0,262.35133300000024,9,50,28,44,58.23606797749979,58.23606797749979,0.0,0.0,0,5
review_overnight_20260422.zip,review_t1_ind_a_5seed_300s__data1,baseline_full_beam,seed_1000,review_overnight_20260422\review_t1_ind_a_5seed_300s\review_t1_ind_a_5seed_300s__data1\baseline_full_beam\seed_1000\placements.csv,346,topology,all_edges,1,0.0,0.0,0.0,28.34866699999994,20,154,53,85,3571.082893254711,3821.082893254711,0.0,0.0,1,16
review_overnight_20260422.zip,review_t1_ind_a_5seed_300s__data1,baseline_full_beam,seed_1000,review_overnight_20260422\review_t1_ind_a_5seed_300s\review_t1_ind_a_5seed_300s__data1\baseline_full_beam\seed_1000\placements.csv,346,topology_process_aware,all_edges,1,0.0,0.0,0.0,725.6328330000001,20,154,53,106,4682.017403672467,4682.017403672467,0.0,0.0,0,39
review_overnight_20260422.zip,review_t1_ind_a_5seed_300s__data1,baseline_full_beam,seed_1000,review_overnight_20260422\review_t1_ind_a_5seed_300s\review_t1_ind_a_5seed_300s__data1\baseline_full_beam\seed_1000\placements.csv,346,topology_local_search_process_aware,all_edges,1,0.0,0.0,0.0,366.4533750000003,20,154,53,106,4682.017403672467,4682.017403672467,0.0,0.0,0,39
review_overnight_20260422.zip,review_t1_ind_a_5seed_300s__data1,baseline_full_beam,seed_1000,review_overnight_20260422\review_t1_ind_a_5seed_300s\review_t1_ind_a_5seed_300s__data1\baseline_full_beam\seed_1000\placements.csv,346,topology,all_edges,1,0.0,0.0,1.0,7.824541999999823,20,154,53,85,3571.082893254711,3821.082893254711,0.0,0.0,1,16
review_overnight_20260422.zip,review_t1_ind_a_5seed_300s__data1,baseline_full_beam,seed_1000,review_overnight_20260422\review_t1_ind_a_5seed_300s\review_t1_ind_a_5seed_300s__data1\baseline_full_beam\seed_1000\placements.csv,346,topology_process_aware,all_edges,1,0.0,0.0,1.0,100.11500000000018,20,154,53,106,4682.017403672467,4682.017403672467,0.0,0.0,0,39
review_overnight_20260422.zip,review_t1_ind_a_5seed_300s__data1,baseline_full_beam,seed_1000,review_overnight_20260422\review_t1_ind_a_5seed_300s\review_t1_ind_a_5seed_300s__data1\baseline_full_beam\seed_1000\placements.csv,346,topology_local_search_process_aware,all_edges,1,0.0,0.0,1.0,314.9413750000001,20,154,53,106,4682.017403672467,4682.017403672467,0.0,0.0,0,39
review_overnight_20260422.zip,review_t1_ind_a_5seed_300s__data1,baseline_full_beam,seed_1000,review_overnight_20260422\review_t1_ind_a_5seed_300s\review_t1_ind_a_5seed_300s__data1\baseline_full_beam\seed_1000\placements.csv,346,topology,all_edges,1,0.25,0.0,0.0,7.825957999999744,20,154,53,85,3571.082893254711,3821.082893254711,0.0,4.0,1,16
review_overnight_20260422.zip,review_t1_ind_a_5seed_300s__data1,baseline_full_beam,seed_1000,review_overnight_20260422\review_t1_ind_a_5seed_300s\review_t1_ind_a_5seed_300s__data1\baseline_full_beam\seed_1000\placements.csv,346,topology_process_aware,all_edges,1,0.25,0.0,0.0,568.4227910000002,20,154,53,89,8741.048372527213,9241.048372527213,0.0,0.0,2,15
review_overnight_20260422.zip,review_t1_ind_a_5seed_300s__data1,baseline_full_beam,seed_1000,review_overnight_20260422\review_t1_ind_a_5seed_300s\review_t1_ind_a_5seed_300s__data1\baseline_full_beam\seed_1000\placements.csv,346,topology_local_search_process_aware,all_edges,1,0.25,0.0,0.0,226.40241700000007,20,154,53,88,9240.448372527213,9740.448372527213,0.0,0.0,2,15
review_overnight_20260422.zip,review_t1_ind_a_5seed_300s__data1,baseline_full_beam,seed_1000,review_overnight_20260422\review_t1_ind_a_5seed_300s\review_t1_ind_a_5seed_300s__data1\baseline_full_beam\seed_1000\placements.csv,346,topology,all_edges,1,0.25,0.0,1.0,7.949333000000003,20,154,53,85,3571.082893254711,3821.082893254711,0.0,0.0,1,16
review_overnight_20260422.zip,review_t1_ind_a_5seed_300s__data1,baseline_full_beam,seed_1000,review_overnight_20260422\review_t1_ind_a_5seed_300s\review_t1_ind_a_5seed_300s__data1\baseline_full_beam\seed_1000\placements.csv,346,topology_process_aware,all_edges,1,0.25,0.0,1.0,574.430584,20,154,53,97,5892.657742545327,6142.657742545327,0.0,0.0,1,31
review_overnight_20260422.zip,review_t1_ind_a_5seed_300s__data1,baseline_full_beam,seed_1000,review_overnight_20260422\review_t1_ind_a_5seed_300s\review_t1_ind_a_5seed_300s__data1\baseline_full_beam\seed_1000\placements.csv,346,topology_local_search_process_aware,all_edges,1,0.25,0.0,1.0,352.15945800000003,20,154,53,97,5892.657742545327,6142.657742545327,0.0,0.0,1,31
review_overnight_20260422.zip,review_t1_ind_a_5seed_300s__data1,baseline_full_beam,seed_1000,review_overnight_20260422\review_t1_ind_a_5seed_300s\review_t1_ind_a_5seed_300s__data1\baseline_full_beam\seed_1000\placements.csv,346,topology,all_edges,1,0.5,0.0,0.0,8.456999999999937,20,154,53,85,3571.082893254711,3821.082893254711,0.0,13.0,1,16
review_overnight_20260422.zip,review_t1_ind_a_5seed_300s__data1,baseline_full_beam,seed_1000,review_overnight_20260422\review_t1_ind_a_5seed_300s\review_t1_ind_a_5seed_300s__data1\baseline_full_beam\seed_1000\placements.csv,346,topology_process_aware,all_edges,1,0.5,0.0,0.0,209.28825000000018,20,154,53,102,12485.477218658709,12735.477218658709,0.0,1.0,1,18
review_overnight_20260422.zip,review_t1_ind_a_5seed_300s__data1,baseline_full_beam,seed_1000,review_overnight_20260422\review_t1_ind_a_5seed_300s\review_t1_ind_a_5seed_300s__data1\baseline_full_beam\seed_1000\placements.csv,346,topology_local_search_process_aware,all_edges,1,0.5,0.0,0.0,263.7611250000003,20,154,53,102,12485.477218658709,12735.477218658709,0.0,1.0,1,18
review_overnight_20260422.zip,review_t1_ind_a_5seed_300s__data1,baseline_full_beam,seed_1000,review_overnight_20260422\review_t1_ind_a_5seed_300s\review_t1_ind_a_5seed_300s__data1\baseline_full_beam\seed_1000\placements.csv,346,topology,all_edges,1,0.5,0.0,1.0,8.14937499999946,20,154,53,85,3571.082893254711,3821.082893254711,0.0,1.0,1,16
review_overnight_20260422.zip,review_t1_ind_a_5seed_300s__data1,baseline_full_beam,seed_1000,review_overnight_20260422\review_t1_ind_a_5seed_300s\review_t1_ind_a_5seed_300s__data1\baseline_full_beam\seed_1000\placements.csv,346,topology_process_aware,all_edges,1,0.5,0.0,1.0,459.6299579999998,20,154,53,77,5854.798680952714,6354.798680952714,0.0,0.0,2,6
review_overnight_20260422.zip,review_t1_ind_a_5seed_300s__data1,baseline_full_beam,seed_1000,review_overnight_20260422\review_t1_ind_a_5seed_300s\review_t1_ind_a_5seed_300s__data1\baseline_full_beam\seed_1000\placements.csv,346,topology_local_search_process_aware,all_edges,1,0.5,0.0,1.0,363.3558340000001,20,154,53,77,5854.798680952714,6354.798680952714,0.0,0.0,2,6
review_overnight_20260422.zip,review_t1_ind_a_5seed_300s__data1,baseline_full_beam,seed_1000,review_overnight_20260422\review_t1_ind_a_5seed_300s\review_t1_ind_a_5seed_300s__data1\baseline_full_beam\seed_1000\placements.csv,346,topology,all_edges,1,0.75,0.0,0.0,8.09387500000014,20,154,53,85,3571.082893254711,3821.082893254711,0.0,29.0,1,16
review_overnight_20260422.zip,review_t1_ind_a_5seed_300s__data1,baseline_full_beam,seed_1000,review_overnight_20260422\review_t1_ind_a_5seed_300s\review_t1_ind_a_5seed_300s__data1\baseline_full_beam\seed_1000\placements.csv,346,topology_process_aware,all_edges,1,0.75,0.0,0.0,397.34625,20,154,53,127,13576.978025062326,13576.978025062326,0.0,4.0,0,42
review_overnight_20260422.zip,review_t1_ind_a_5seed_300s__data1,baseline_full_beam,seed_1000,review_overnight_20260422\review_t1_ind_a_5seed_300s\review_t1_ind_a_5seed_300s__data1\baseline_full_beam\seed_1000\placements.csv,346,topology_local_search_process_aware,all_edges,1,0.75,0.0,0.0,792.6988330000003,20,154,53,125,13656.699203969987,13656.699203969987,0.0,4.0,0,42
review_overnight_20260422.zip,review_t1_ind_a_5seed_300s__data1,baseline_full_beam,seed_1000,review_overnight_20260422\review_t1_ind_a_5seed_300s\review_t1_ind_a_5seed_300s__data1\baseline_full_beam\seed_1000\placements.csv,346,topology,all_edges,1,0.75,0.0,1.0,7.98841699999997,20,154,53,85,3571.082893254711,3821.082893254711,0.0,4.0,1,16
review_overnight_20260422.zip,review_t1_ind_a_5seed_300s__data1,baseline_full_beam,seed_1000,review_overnight_20260422\review_t1_ind_a_5seed_300s\review_t1_ind_a_5seed_300s__data1\baseline_full_beam\seed_1000\placements.csv,346,topology_process_aware,all_edges,1,0.75,0.0,1.0,475.5502079999996,20,154,53,89,12252.773364345718,12752.773364345718,0.0,0.0,2,9
review_overnight_20260422.zip,review_t1_ind_a_5seed_300s__data1,baseline_full_beam,seed_1000,review_overnight_20260422\review_t1_ind_a_5seed_300s\review_t1_ind_a_5seed_300s__data1\baseline_full_beam\seed_1000\placements.csv,346,topology_local_search_process_aware,all_edges,1,0.75,0.0,1.0,307.2923329999995,20,154,53,89,12252.773364345718,12752.773364345718,0.0,0.0,2,9
strong_baseline_overnight_20260407_001243.zip,exp_strong_full_beam_pub_1seed_300s__ngcut9,baseline_full_beam,seed_1000,strong_baseline_overnight_20260407_001243/exp_strong_full_beam_pub_1seed_300s/exp_strong_full_beam_pub_1seed_300s__ngcut9/baseline_full_beam/seed_1000/placements.csv,1,topology,all_edges,1,0.0,0.0,0.0,2.4920000000001608,9,51,28,41,100.39164646293858,100.39164646293858,0.0,0.0,0,0
strong_baseline_overnight_20260407_001243.zip,exp_strong_full_beam_pub_1seed_300s__ngcut9,baseline_full_beam,seed_1000,strong_baseline_overnight_20260407_001243/exp_strong_full_beam_pub_1seed_300s/exp_strong_full_beam_pub_1seed_300s__ngcut9/baseline_full_beam/seed_1000/placements.csv,1,topology_process_aware,all_edges,1,0.0,0.0,0.0,46.350290999999544,9,51,28,36,36.16227766016838,36.16227766016838,0.0,0.0,0,0
strong_baseline_overnight_20260407_001243.zip,exp_strong_full_beam_pub_1seed_300s__ngcut9,baseline_full_beam,seed_1000,strong_baseline_overnight_20260407_001243/exp_strong_full_beam_pub_1seed_300s/exp_strong_full_beam_pub_1seed_300s__ngcut9/baseline_full_beam/seed_1000/placements.csv,1,topology_local_search_process_aware,all_edges,1,0.0,0.0,0.0,136.68304200000136,9,51,28,36,36.16227766016838,36.16227766016838,0.0,0.0,0,0
strong_baseline_overnight_20260407_001243.zip,exp_strong_full_beam_pub_1seed_300s__ngcut9,baseline_full_beam,seed_1000,strong_baseline_overnight_20260407_001243/exp_strong_full_beam_pub_1seed_300s/exp_strong_full_beam_pub_1seed_300s__ngcut9/baseline_full_beam/seed_1000/placements.csv,1,topology,all_edges,1,0.0,0.0,1.0,2.5165830000002387,9,51,28,41,100.39164646293858,100.39164646293858,0.0,0.0,0,0
strong_baseline_overnight_20260407_001243.zip,exp_strong_full_beam_pub_1seed_300s__ngcut9,baseline_full_beam,seed_1000,strong_baseline_overnight_20260407_001243/exp_strong_full_beam_pub_1seed_300s/exp_strong_full_beam_pub_1seed_300s__ngcut9/baseline_full_beam/seed_1000/placements.csv,1,topology_process_aware,all_edges,1,0.0,0.0,1.0,25.15712499999978,9,51,28,36,36.16227766016838,36.16227766016838,0.0,0.0,0,0
strong_baseline_overnight_20260407_001243.zip,exp_strong_full_beam_pub_1seed_300s__ngcut9,baseline_full_beam,seed_1000,strong_baseline_overnight_20260407_001243/exp_strong_full_beam_pub_1seed_300s/exp_strong_full_beam_pub_1seed_300s__ngcut9/baseline_full_beam/seed_1000/placements.csv,1,topology_local_search_process_aware,all_edges,1,0.0,0.0,1.0,94.0328749999999,9,51,28,36,36.16227766016838,36.16227766016838,0.0,0.0,0,0
strong_baseline_overnight_20260407_001243.zip,exp_strong_full_beam_pub_1seed_300s__ngcut9,baseline_full_beam,seed_1000,strong_baseline_overnight_20260407_001243/exp_strong_full_beam_pub_1seed_300s/exp_strong_full_beam_pub_1seed_300s__ngcut9/baseline_full_beam/seed_1000/placements.csv,1,topology,all_edges,1,0.25,0.0,0.0,2.4730000000001695,9,51,28,41,100.39164646293858,100.39164646293858,0.0,5.0,0,0
strong_baseline_overnight_20260407_001243.zip,exp_strong_full_beam_pub_1seed_300s__ngcut9,baseline_full_beam,seed_1000,strong_baseline_overnight_20260407_001243/exp_strong_full_beam_pub_1seed_300s/exp_strong_full_beam_pub_1seed_300s__ngcut9/baseline_full_beam/seed_1000/placements.csv,1,topology_process_aware,all_edges,1,0.25,0.0,0.0,26.93037500000095,9,51,28,48,54.56062529783655,54.56062529783655,0.0,0.0,0,12
strong_baseline_overnight_20260407_001243.zip,exp_strong_full_beam_pub_1seed_300s__ngcut9,baseline_full_beam,seed_1000,strong_baseline_overnight_20260407_001243/exp_strong_full_beam_pub_1seed_300s/exp_strong_full_beam_pub_1seed_300s__ngcut9/baseline_full_beam/seed_1000/placements.csv,1,topology_local_search_process_aware,all_edges,1,0.25,0.0,0.0,131.8862910000007,9,51,28,48,54.56062529783655,54.56062529783655,0.0,0.0,0,12
strong_baseline_overnight_20260407_001243.zip,exp_strong_full_beam_pub_1seed_300s__ngcut9,baseline_full_beam,seed_1000,strong_baseline_overnight_20260407_001243/exp_strong_full_beam_pub_1seed_300s/exp_strong_full_beam_pub_1seed_300s__ngcut9/baseline_full_beam/seed_1000/placements.csv,1,topology,all_edges,1,0.25,0.0,1.0,2.4973330000008787,9,51,28,41,100.39164646293858,100.39164646293858,0.0,0.0,0,0
strong_baseline_overnight_20260407_001243.zip,exp_strong_full_beam_pub_1seed_300s__ngcut9,baseline_full_beam,seed_1000,strong_baseline_overnight_20260407_001243/exp_strong_full_beam_pub_1seed_300s/exp_strong_full_beam_pub_1seed_300s__ngcut9/baseline_full_beam/seed_1000/placements.csv,1,topology_process_aware,all_edges,1,0.25,0.0,1.0,25.306624999998917,9,51,28,36,36.16227766016838,36.16227766016838,0.0,0.0,0,0
strong_baseline_overnight_20260407_001243.zip,exp_strong_full_beam_pub_1seed_300s__ngcut9,baseline_full_beam,seed_1000,strong_baseline_overnight_20260407_001243/exp_strong_full_beam_pub_1seed_300s/exp_strong_full_beam_pub_1seed_300s__ngcut9/baseline_full_beam/seed_1000/placements.csv,1,topology_local_search_process_aware,all_edges,1,0.25,0.0,1.0,93.42262500000054,9,51,28,36,36.16227766016838,36.16227766016838,0.0,0.0,0,0
strong_baseline_overnight_20260407_001243.zip,exp_strong_full_beam_pub_1seed_300s__ngcut9,baseline_full_beam,seed_1000,strong_baseline_overnight_20260407_001243/exp_strong_full_beam_pub_1seed_300s/exp_strong_full_beam_pub_1seed_300s__ngcut9/baseline_full_beam/seed_1000/placements.csv,1,topology,all_edges,1,0.5,0.0,0.0,2.6228750000001355,9,51,28,41,100.39164646293858,100.39164646293858,0.0,6.0,0,0
strong_baseline_overnight_20260407_001243.zip,exp_strong_full_beam_pub_1seed_300s__ngcut9,baseline_full_beam,seed_1000,strong_baseline_overnight_20260407_001243/exp_strong_full_beam_pub_1seed_300s/exp_strong_full_beam_pub_1seed_300s__ngcut9/baseline_full_beam/seed_1000/placements.csv,1,topology_process_aware,all_edges,1,0.5,0.0,0.0,28.072916999999364,9,51,28,47,77.60147050873545,77.60147050873545,0.0,0.0,0,8
strong_baseline_overnight_20260407_001243.zip,exp_strong_full_beam_pub_1seed_300s__ngcut9,baseline_full_beam,seed_1000,strong_baseline_overnight_20260407_001243/exp_strong_full_beam_pub_1seed_300s/exp_strong_full_beam_pub_1seed_300s__ngcut9/baseline_full_beam/seed_1000/placements.csv,1,topology_local_search_process_aware,all_edges,1,0.5,0.0,0.0,173.37000000000023,9,51,28,47,77.60147050873545,77.60147050873545,0.0,0.0,0,8
strong_baseline_overnight_20260407_001243.zip,exp_strong_full_beam_pub_1seed_300s__ngcut9,baseline_full_beam,seed_1000,strong_baseline_overnight_20260407_001243/exp_strong_full_beam_pub_1seed_300s/exp_strong_full_beam_pub_1seed_300s__ngcut9/baseline_full_beam/seed_1000/placements.csv,1,topology,all_edges,1,0.5,0.0,1.0,2.5301249999998277,9,51,28,41,100.39164646293858,100.39164646293858,0.0,0.0,0,0
strong_baseline_overnight_20260407_001243.zip,exp_strong_full_beam_pub_1seed_300s__ngcut9,baseline_full_beam,seed_1000,strong_baseline_overnight_20260407_001243/exp_strong_full_beam_pub_1seed_300s/exp_strong_full_beam_pub_1seed_300s__ngcut9/baseline_full_beam/seed_1000/placements.csv,1,topology_process_aware,all_edges,1,0.5,0.0,1.0,36.236792000000406,9,51,28,46,50.16227766016837,50.16227766016837,0.0,0.0,0,12
strong_baseline_overnight_20260407_001243.zip,exp_strong_full_beam_pub_1seed_300s__ngcut9,baseline_full_beam,seed_1000,strong_baseline_overnight_20260407_001243/exp_strong_full_beam_pub_1seed_300s/exp_strong_full_beam_pub_1seed_300s__ngcut9/baseline_full_beam/seed_1000/placements.csv,1,topology_local_search_process_aware,all_edges,1,0.5,0.0,1.0,167.35808300000167,9,51,28,46,50.16227766016837,50.16227766016837,0.0,0.0,0,12
strong_baseline_overnight_20260407_001243.zip,exp_strong_full_beam_pub_1seed_300s__ngcut9,baseline_full_beam,seed_1000,strong_baseline_overnight_20260407_001243/exp_strong_full_beam_pub_1seed_300s/exp_strong_full_beam_pub_1seed_300s__ngcut9/baseline_full_beam/seed_1000/placements.csv,1,topology,all_edges,1,0.75,0.0,0.0,2.630458000000502,9,51,28,41,100.39164646293858,100.39164646293858,0.0,15.0,0,0
strong_baseline_overnight_20260407_001243.zip,exp_strong_full_beam_pub_1seed_300s__ngcut9,baseline_full_beam,seed_1000,strong_baseline_overnight_20260407_001243/exp_strong_full_beam_pub_1seed_300s/exp_strong_full_beam_pub_1seed_300s__ngcut9/baseline_full_beam/seed_1000/placements.csv,1,topology_process_aware,all_edges,1,0.75,0.0,0.0,18.410540999999725,9,51,28,53,105.88751310231714,105.88751310231714,0.0,1.0,0,11
strong_baseline_overnight_20260407_001243.zip,exp_strong_full_beam_pub_1seed_300s__ngcut9,baseline_full_beam,seed_1000,strong_baseline_overnight_20260407_001243/exp_strong_full_beam_pub_1seed_300s/exp_strong_full_beam_pub_1seed_300s__ngcut9/baseline_full_beam/seed_1000/placements.csv,1,topology_local_search_process_aware,all_edges,1,0.75,0.0,0.0,204.65445899999855,9,51,28,53,105.79728017892171,105.79728017892171,0.0,1.0,0,11
strong_baseline_overnight_20260407_001243.zip,exp_strong_full_beam_pub_1seed_300s__ngcut9,baseline_full_beam,seed_1000,strong_baseline_overnight_20260407_001243/exp_strong_full_beam_pub_1seed_300s/exp_strong_full_beam_pub_1seed_300s__ngcut9/baseline_full_beam/seed_1000/placements.csv,1,topology,all_edges,1,0.75,0.0,1.0,2.652459000000107,9,51,28,41,100.39164646293858,100.39164646293858,0.0,0.0,0,0
strong_baseline_overnight_20260407_001243.zip,exp_strong_full_beam_pub_1seed_300s__ngcut9,baseline_full_beam,seed_1000,strong_baseline_overnight_20260407_001243/exp_strong_full_beam_pub_1seed_300s/exp_strong_full_beam_pub_1seed_300s__ngcut9/baseline_full_beam/seed_1000/placements.csv,1,topology_process_aware,all_edges,1,0.75,0.0,1.0,28.880624999999327,9,51,28,48,54.56062529783655,54.56062529783655,0.0,0.0,0,12
strong_baseline_overnight_20260407_001243.zip,exp_strong_full_beam_pub_1seed_300s__ngcut9,baseline_full_beam,seed_1000,strong_baseline_overnight_20260407_001243/exp_strong_full_beam_pub_1seed_300s/exp_strong_full_beam_pub_1seed_300s__ngcut9/baseline_full_beam/seed_1000/placements.csv,1,topology_local_search_process_aware,all_edges,1,0.75,0.0,1.0,99.30616599999986,9,51,28,48,54.56062529783655,54.56062529783655,0.0,0.0,0,12
